Day,Total Customers,Rides Per Customer,Mean Wait Time,Mean Ride Time
Monday,39,1.2564102564102564,1.5152471844678261,1.5399618159864523
Tuesday,20,2.6,0.9614119890861138,3.399683075266038
Wednesday,34,1.1470588235294117,1.5309687010258213,1.5641854306517202
Thursday,32,2.0,0.9457435994349757,2.248262749828494
Friday,39,1.1794871794871795,2.4580907191584274,1.720678705658003
Saturday,53,1.0943396226415094,2.102173303707657,1.5850909842553291
Sunday,83,0.7108433734939759,2.071586657011124,0.8379383026550367
